1,2,3,4,5,6,7,8,9,10,11,12,Count
herbietime,alecwilson,thezirconisdragon,empireyikesback,pacc,therealfergus,burgertownthicnred,shakylegs,namebrant,mackjyers21,tonygordzilla22,black8yellownation,2
thezirconisdragon,herbietime,alecwilson,pacc,therealfergus,empireyikesback,burgertownthicnred,mackjyers21,namebrant,shakylegs,tonygordzilla22,black8yellownation,2
thezirconisdragon,alecwilson,pacc,herbietime,mackjyers21,empireyikesback,shakylegs,therealfergus,burgertownthicnred,namebrant,tonygordzilla22,black8yellownation,2
herbietime,thezirconisdragon,alecwilson,therealfergus,empireyikesback,pacc,burgertownthicnred,mackjyers21,shakylegs,black8yellownation,namebrant,tonygordzilla22,1
herbietime,thezirconisdragon,alecwilson,pacc,empireyikesback,namebrant,tonygordzilla22,therealfergus,burgertownthicnred,mackjyers21,black8yellownation,shakylegs,1
pacc,herbietime,thezirconisdragon,alecwilson,therealfergus,burgertownthicnred,empireyikesback,namebrant,mackjyers21,shakylegs,tonygordzilla22,black8yellownation,1
herbietime,alecwilson,pacc,thezirconisdragon,empireyikesback,therealfergus,burgertownthicnred,mackjyers21,tonygordzilla22,shakylegs,namebrant,black8yellownation,1
herbietime,thezirconisdragon,mackjyers21,empireyikesback,alecwilson,pacc,burgertownthicnred,tonygordzilla22,therealfergus,shakylegs,namebrant,black8yellownation,1
herbietime,thezirconisdragon,pacc,alecwilson,therealfergus,empireyikesback,shakylegs,burgertownthicnred,mackjyers21,namebrant,tonygordzilla22,black8yellownation,1
herbietime,alecwilson,empireyikesback,thezirconisdragon,therealfergus,mackjyers21,pacc,tonygordzilla22,burgertownthicnred,namebrant,shakylegs,black8yellownation,1
alecwilson,empireyikesback,herbietime,pacc,thezirconisdragon,mackjyers21,tonygordzilla22,therealfergus,burgertownthicnred,namebrant,black8yellownation,shakylegs,1
herbietime,therealfergus,alecwilson,pacc,thezirconisdragon,burgertownthicnred,empireyikesback,mackjyers21,namebrant,shakylegs,black8yellownation,tonygordzilla22,1
alecwilson,pacc,thezirconisdragon,herbietime,mackjyers21,empireyikesback,burgertownthicnred,shakylegs,therealfergus,namebrant,tonygordzilla22,black8yellownation,1
herbietime,pacc,thezirconisdragon,therealfergus,alecwilson,empireyikesback,burgertownthicnred,shakylegs,tonygordzilla22,black8yellownation,mackjyers21,namebrant,1
thezirconisdragon,herbietime,alecwilson,therealfergus,pacc,empireyikesback,burgertownthicnred,mackjyers21,namebrant,tonygordzilla22,shakylegs,black8yellownation,1
herbietime,alecwilson,pacc,thezirconisdragon,shakylegs,empireyikesback,therealfergus,burgertownthicnred,mackjyers21,namebrant,tonygordzilla22,black8yellownation,1
herbietime,alecwilson,thezirconisdragon,burgertownthicnred,pacc,empireyikesback,therealfergus,mackjyers21,shakylegs,namebrant,tonygordzilla22,black8yellownation,1
thezirconisdragon,herbietime,pacc,therealfergus,alecwilson,empireyikesback,burgertownthicnred,mackjyers21,black8yellownation,shakylegs,namebrant,tonygordzilla22,1
pacc,thezirconisdragon,herbietime,alecwilson,empireyikesback,burgertownthicnred,shakylegs,therealfergus,mackjyers21,namebrant,tonygordzilla22,black8yellownation,1
pacc,herbietime,alecwilson,thezirconisdragon,empireyikesback,therealfergus,burgertownthicnred,mackjyers21,shakylegs,black8yellownation,namebrant,tonygordzilla22,1
herbietime,thezirconisdragon,alecwilson,pacc,empireyikesback,mackjyers21,therealfergus,burgertownthicnred,namebrant,shakylegs,tonygordzilla22,black8yellownation,1
empireyikesback,herbietime,alecwilson,mackjyers21,pacc,thezirconisdragon,therealfergus,burgertownthicnred,shakylegs,tonygordzilla22,black8yellownation,namebrant,1
pacc,alecwilson,herbietime,thezirconisdragon,therealfergus,mackjyers21,namebrant,empireyikesback,shakylegs,burgertownthicnred,tonygordzilla22,black8yellownation,1
alecwilson,therealfergus,empireyikesback,herbietime,thezirconisdragon,pacc,shakylegs,burgertownthicnred,tonygordzilla22,namebrant,mackjyers21,black8yellownation,1
pacc,thezirconisdragon,herbietime,alecwilson,empireyikesback,mackjyers21,shakylegs,therealfergus,tonygordzilla22,burgertownthicnred,namebrant,black8yellownation,1
thezirconisdragon,pacc,herbietime,therealfergus,burgertownthicnred,alecwilson,namebrant,empireyikesback,mackjyers21,tonygordzilla22,shakylegs,black8yellownation,1
thezirconisdragon,empireyikesback,herbietime,pacc,therealfergus,alecwilson,burgertownthicnred,shakylegs,namebrant,tonygordzilla22,mackjyers21,black8yellownation,1
herbietime,thezirconisdragon,pacc,empireyikesback,alecwilson,therealfergus,burgertownthicnred,mackjyers21,shakylegs,namebrant,black8yellownation,tonygordzilla22,1
herbietime,thezirconisdragon,pacc,alecwilson,empireyikesback,burgertownthicnred,namebrant,therealfergus,shakylegs,tonygordzilla22,mackjyers21,black8yellownation,1
pacc,empireyikesback,herbietime,thezirconisdragon,mackjyers21,alecwilson,therealfergus,burgertownthicnred,tonygordzilla22,namebrant,shakylegs,black8yellownation,1
herbietime,pacc,thezirconisdragon,alecwilson,mackjyers21,namebrant,therealfergus,empireyikesback,burgertownthicnred,shakylegs,tonygordzilla22,black8yellownation,1
pacc,herbietime,alecwilson,thezirconisdragon,empireyikesback,mackjyers21,namebrant,therealfergus,burgertownthicnred,shakylegs,tonygordzilla22,black8yellownation,1
herbietime,alecwilson,thezirconisdragon,pacc,burgertownthicnred,shakylegs,therealfergus,tonygordzilla22,empireyikesback,namebrant,mackjyers21,black8yellownation,1
alecwilson,therealfergus,herbietime,thezirconisdragon,empireyikesback,pacc,burgertownthicnred,mackjyers21,namebrant,shakylegs,tonygordzilla22,black8yellownation,1
herbietime,alecwilson,thezirconisdragon,pacc,empireyikesback,mackjyers21,burgertownthicnred,shakylegs,namebrant,therealfergus,tonygordzilla22,black8yellownation,1
herbietime,alecwilson,pacc,thezirconisdragon,therealfergus,empireyikesback,mackjyers21,tonygordzilla22,burgertownthicnred,shakylegs,namebrant,black8yellownation,1
herbietime,pacc,thezirconisdragon,burgertownthicnred,shakylegs,alecwilson,empireyikesback,mackjyers21,tonygordzilla22,namebrant,therealfergus,black8yellownation,1
herbietime,empireyikesback,alecwilson,thezirconisdragon,mackjyers21,pacc,therealfergus,burgertownthicnred,tonygordzilla22,shakylegs,black8yellownation,namebrant,1
alecwilson,thezirconisdragon,pacc,herbietime,empireyikesback,burgertownthicnred,shakylegs,therealfergus,namebrant,mackjyers21,tonygordzilla22,black8yellownation,1
alecwilson,empireyikesback,herbietime,thezirconisdragon,pacc,mackjyers21,namebrant,therealfergus,burgertownthicnred,shakylegs,tonygordzilla22,black8yellownation,1
pacc,herbietime,alecwilson,thezirconisdragon,empireyikesback,therealfergus,mackjyers21,burgertownthicnred,shakylegs,black8yellownation,namebrant,tonygordzilla22,1
thezirconisdragon,herbietime,alecwilson,therealfergus,pacc,empireyikesback,burgertownthicnred,shakylegs,namebrant,mackjyers21,tonygordzilla22,black8yellownation,1
thezirconisdragon,herbietime,pacc,alecwilson,therealfergus,empireyikesback,mackjyers21,namebrant,burgertownthicnred,tonygordzilla22,shakylegs,black8yellownation,1
herbietime,empireyikesback,alecwilson,pacc,thezirconisdragon,therealfergus,shakylegs,mackjyers21,black8yellownation,burgertownthicnred,namebrant,tonygordzilla22,1
herbietime,thezirconisdragon,alecwilson,empireyikesback,pacc,burgertownthicnred,tonygordzilla22,therealfergus,mackjyers21,namebrant,shakylegs,black8yellownation,1
pacc,alecwilson,thezirconisdragon,herbietime,empireyikesback,mackjyers21,therealfergus,burgertownthicnred,shakylegs,namebrant,tonygordzilla22,black8yellownation,1
alecwilson,thezirconisdragon,herbietime,empireyikesback,pacc,therealfergus,burgertownthicnred,namebrant,tonygordzilla22,mackjyers21,shakylegs,black8yellownation,1
empireyikesback,herbietime,thezirconisdragon,alecwilson,pacc,mackjyers21,therealfergus,namebrant,black8yellownation,burgertownthicnred,tonygordzilla22,shakylegs,1
alecwilson,thezirconisdragon,empireyikesback,pacc,herbietime,therealfergus,mackjyers21,tonygordzilla22,burgertownthicnred,namebrant,black8yellownation,shakylegs,1
alecwilson,herbietime,thezirconisdragon,pacc,burgertownthicnred,therealfergus,empireyikesback,mackjyers21,shakylegs,namebrant,tonygordzilla22,black8yellownation,1
herbietime,burgertownthicnred,pacc,thezirconisdragon,alecwilson,therealfergus,empireyikesback,mackjyers21,shakylegs,namebrant,tonygordzilla22,black8yellownation,1
pacc,alecwilson,empireyikesback,herbietime,mackjyers21,shakylegs,namebrant,burgertownthicnred,thezirconisdragon,therealfergus,tonygordzilla22,black8yellownation,1
herbietime,alecwilson,pacc,thezirconisdragon,therealfergus,empireyikesback,shakylegs,burgertownthicnred,mackjyers21,namebrant,tonygordzilla22,black8yellownation,1
pacc,empireyikesback,herbietime,alecwilson,mackjyers21,therealfergus,thezirconisdragon,burgertownthicnred,shakylegs,namebrant,tonygordzilla22,black8yellownation,1
thezirconisdragon,alecwilson,herbietime,pacc,empireyikesback,burgertownthicnred,mackjyers21,tonygordzilla22,therealfergus,shakylegs,namebrant,black8yellownation,1
herbietime,alecwilson,thezirconisdragon,pacc,therealfergus,empireyikesback,mackjyers21,burgertownthicnred,tonygordzilla22,black8yellownation,shakylegs,namebrant,1
herbietime,thezirconisdragon,alecwilson,empireyikesback,burgertownthicnred,pacc,therealfergus,mackjyers21,shakylegs,tonygordzilla22,namebrant,black8yellownation,1
pacc,herbietime,alecwilson,empireyikesback,mackjyers21,thezirconisdragon,namebrant,therealfergus,burgertownthicnred,tonygordzilla22,shakylegs,black8yellownation,1
alecwilson,herbietime,pacc,namebrant,empireyikesback,thezirconisdragon,mackjyers21,shakylegs,burgertownthicnred,therealfergus,tonygordzilla22,black8yellownation,1
herbietime,alecwilson,pacc,thezirconisdragon,empireyikesback,burgertownthicnred,therealfergus,shakylegs,tonygordzilla22,mackjyers21,namebrant,black8yellownation,1
herbietime,therealfergus,alecwilson,pacc,thezirconisdragon,burgertownthicnred,empireyikesback,mackjyers21,shakylegs,namebrant,tonygordzilla22,black8yellownation,1
pacc,thezirconisdragon,herbietime,alecwilson,shakylegs,empireyikesback,therealfergus,mackjyers21,namebrant,burgertownthicnred,tonygordzilla22,black8yellownation,1
alecwilson,thezirconisdragon,herbietime,pacc,therealfergus,mackjyers21,namebrant,tonygordzilla22,empireyikesback,burgertownthicnred,shakylegs,black8yellownation,1
herbietime,alecwilson,empireyikesback,pacc,thezirconisdragon,therealfergus,burgertownthicnred,mackjyers21,shakylegs,namebrant,black8yellownation,tonygordzilla22,1
herbietime,thezirconisdragon,alecwilson,pacc,therealfergus,mackjyers21,tonygordzilla22,empireyikesback,burgertownthicnred,shakylegs,namebrant,black8yellownation,1
herbietime,alecwilson,thezirconisdragon,burgertownthicnred,namebrant,pacc,therealfergus,empireyikesback,tonygordzilla22,black8yellownation,mackjyers21,shakylegs,1
pacc,herbietime,thezirconisdragon,alecwilson,empireyikesback,therealfergus,burgertownthicnred,mackjyers21,namebrant,tonygordzilla22,black8yellownation,shakylegs,1
herbietime,thezirconisdragon,alecwilson,empireyikesback,mackjyers21,pacc,shakylegs,tonygordzilla22,therealfergus,burgertownthicnred,namebrant,black8yellownation,1
thezirconisdragon,herbietime,alecwilson,pacc,therealfergus,empireyikesback,burgertownthicnred,mackjyers21,shakylegs,tonygordzilla22,namebrant,black8yellownation,1
alecwilson,herbietime,pacc,thezirconisdragon,empireyikesback,therealfergus,mackjyers21,burgertownthicnred,shakylegs,namebrant,tonygordzilla22,black8yellownation,1
thezirconisdragon,herbietime,pacc,empireyikesback,burgertownthicnred,alecwilson,therealfergus,mackjyers21,namebrant,shakylegs,black8yellownation,tonygordzilla22,1
herbietime,thezirconisdragon,therealfergus,alecwilson,pacc,empireyikesback,burgertownthicnred,mackjyers21,namebrant,tonygordzilla22,shakylegs,black8yellownation,1
pacc,thezirconisdragon,therealfergus,empireyikesback,herbietime,alecwilson,burgertownthicnred,mackjyers21,shakylegs,black8yellownation,namebrant,tonygordzilla22,1
herbietime,pacc,thezirconisdragon,therealfergus,mackjyers21,alecwilson,empireyikesback,burgertownthicnred,black8yellownation,shakylegs,tonygordzilla22,namebrant,1
pacc,herbietime,thezirconisdragon,empireyikesback,mackjyers21,therealfergus,alecwilson,shakylegs,burgertownthicnred,namebrant,tonygordzilla22,black8yellownation,1
alecwilson,thezirconisdragon,herbietime,therealfergus,burgertownthicnred,pacc,empireyikesback,namebrant,tonygordzilla22,mackjyers21,shakylegs,black8yellownation,1
herbietime,pacc,alecwilson,thezirconisdragon,therealfergus,empireyikesback,tonygordzilla22,namebrant,burgertownthicnred,shakylegs,mackjyers21,black8yellownation,1
herbietime,alecwilson,burgertownthicnred,pacc,thezirconisdragon,therealfergus,empireyikesback,mackjyers21,shakylegs,namebrant,tonygordzilla22,black8yellownation,1
herbietime,thezirconisdragon,pacc,therealfergus,mackjyers21,alecwilson,empireyikesback,burgertownthicnred,namebrant,tonygordzilla22,shakylegs,black8yellownation,1
herbietime,mackjyers21,alecwilson,thezirconisdragon,pacc,therealfergus,burgertownthicnred,tonygordzilla22,empireyikesback,shakylegs,namebrant,black8yellownation,1
herbietime,pacc,thezirconisdragon,alecwilson,therealfergus,burgertownthicnred,mackjyers21,empireyikesback,shakylegs,black8yellownation,namebrant,tonygordzilla22,1
thezirconisdragon,herbietime,pacc,alecwilson,empireyikesback,therealfergus,burgertownthicnred,mackjyers21,namebrant,shakylegs,tonygordzilla22,black8yellownation,1
herbietime,alecwilson,pacc,thezirconisdragon,therealfergus,burgertownthicnred,namebrant,empireyikesback,mackjyers21,shakylegs,tonygordzilla22,black8yellownation,1
herbietime,pacc,thezirconisdragon,mackjyers21,alecwilson,empireyikesback,shakylegs,therealfergus,namebrant,tonygordzilla22,burgertownthicnred,black8yellownation,1
thezirconisdragon,mackjyers21,herbietime,shakylegs,alecwilson,pacc,therealfergus,namebrant,empireyikesback,burgertownthicnred,tonygordzilla22,black8yellownation,1
herbietime,alecwilson,pacc,thezirconisdragon,empireyikesback,burgertownthicnred,mackjyers21,tonygordzilla22,therealfergus,shakylegs,namebrant,black8yellownation,1
herbietime,thezirconisdragon,empireyikesback,pacc,therealfergus,mackjyers21,alecwilson,burgertownthicnred,tonygordzilla22,shakylegs,namebrant,black8yellownation,1
herbietime,thezirconisdragon,pacc,alecwilson,empireyikesback,burgertownthicnred,mackjyers21,shakylegs,therealfergus,black8yellownation,tonygordzilla22,namebrant,1
pacc,thezirconisdragon,therealfergus,herbietime,alecwilson,empireyikesback,mackjyers21,shakylegs,burgertownthicnred,namebrant,black8yellownation,tonygordzilla22,1
herbietime,pacc,alecwilson,thezirconisdragon,therealfergus,empireyikesback,mackjyers21,burgertownthicnred,namebrant,black8yellownation,shakylegs,tonygordzilla22,1
herbietime,thezirconisdragon,pacc,alecwilson,therealfergus,empireyikesback,shakylegs,burgertownthicnred,mackjyers21,tonygordzilla22,namebrant,black8yellownation,1
pacc,herbietime,alecwilson,thezirconisdragon,empireyikesback,mackjyers21,shakylegs,burgertownthicnred,therealfergus,tonygordzilla22,namebrant,black8yellownation,1
herbietime,empireyikesback,alecwilson,thezirconisdragon,pacc,therealfergus,burgertownthicnred,mackjyers21,tonygordzilla22,shakylegs,namebrant,black8yellownation,1
herbietime,pacc,thezirconisdragon,empireyikesback,alecwilson,namebrant,burgertownthicnred,therealfergus,mackjyers21,shakylegs,tonygordzilla22,black8yellownation,1
herbietime,alecwilson,pacc,thezirconisdragon,burgertownthicnred,mackjyers21,empireyikesback,therealfergus,namebrant,tonygordzilla22,shakylegs,black8yellownation,1
thezirconisdragon,alecwilson,herbietime,empireyikesback,pacc,therealfergus,shakylegs,namebrant,burgertownthicnred,tonygordzilla22,mackjyers21,black8yellownation,1
thezirconisdragon,alecwilson,herbietime,therealfergus,pacc,empireyikesback,burgertownthicnred,mackjyers21,namebrant,tonygordzilla22,shakylegs,black8yellownation,1
herbietime,alecwilson,pacc,thezirconisdragon,empireyikesback,therealfergus,burgertownthicnred,namebrant,shakylegs,mackjyers21,tonygordzilla22,black8yellownation,1
therealfergus,herbietime,alecwilson,pacc,thezirconisdragon,mackjyers21,burgertownthicnred,shakylegs,empireyikesback,namebrant,tonygordzilla22,black8yellownation,1
herbietime,pacc,therealfergus,alecwilson,empireyikesback,burgertownthicnred,mackjyers21,thezirconisdragon,namebrant,shakylegs,tonygordzilla22,black8yellownation,1
herbietime,pacc,alecwilson,thezirconisdragon,therealfergus,empireyikesback,burgertownthicnred,shakylegs,namebrant,tonygordzilla22,mackjyers21,black8yellownation,1
herbietime,thezirconisdragon,alecwilson,pacc,therealfergus,shakylegs,burgertownthicnred,mackjyers21,namebrant,tonygordzilla22,black8yellownation,empireyikesback,1
alecwilson,pacc,herbietime,thezirconisdragon,therealfergus,burgertownthicnred,shakylegs,empireyikesback,mackjyers21,tonygordzilla22,namebrant,black8yellownation,1
herbietime,pacc,alecwilson,thezirconisdragon,empireyikesback,mackjyers21,namebrant,therealfergus,burgertownthicnred,black8yellownation,shakylegs,tonygordzilla22,1
thezirconisdragon,pacc,herbietime,alecwilson,mackjyers21,therealfergus,empireyikesback,tonygordzilla22,shakylegs,burgertownthicnred,namebrant,black8yellownation,1
herbietime,alecwilson,thezirconisdragon,pacc,burgertownthicnred,empireyikesback,shakylegs,therealfergus,mackjyers21,namebrant,tonygordzilla22,black8yellownation,1
pacc,alecwilson,thezirconisdragon,herbietime,therealfergus,empireyikesback,mackjyers21,shakylegs,burgertownthicnred,namebrant,tonygordzilla22,black8yellownation,1
herbietime,alecwilson,thezirconisdragon,tonygordzilla22,empireyikesback,namebrant,pacc,burgertownthicnred,mackjyers21,black8yellownation,shakylegs,therealfergus,1
pacc,herbietime,alecwilson,thezirconisdragon,therealfergus,burgertownthicnred,shakylegs,mackjyers21,tonygordzilla22,black8yellownation,namebrant,empireyikesback,1
pacc,alecwilson,herbietime,empireyikesback,thezirconisdragon,therealfergus,mackjyers21,burgertownthicnred,namebrant,tonygordzilla22,shakylegs,black8yellownation,1
herbietime,thezirconisdragon,alecwilson,therealfergus,empireyikesback,pacc,burgertownthicnred,mackjyers21,namebrant,shakylegs,tonygordzilla22,black8yellownation,1
alecwilson,empireyikesback,herbietime,therealfergus,pacc,thezirconisdragon,shakylegs,burgertownthicnred,mackjyers21,tonygordzilla22,black8yellownation,namebrant,1
herbietime,thezirconisdragon,pacc,therealfergus,alecwilson,empireyikesback,shakylegs,burgertownthicnred,mackjyers21,tonygordzilla22,namebrant,black8yellownation,1
thezirconisdragon,herbietime,pacc,alecwilson,therealfergus,mackjyers21,empireyikesback,burgertownthicnred,shakylegs,tonygordzilla22,namebrant,black8yellownation,1
herbietime,pacc,thezirconisdragon,alecwilson,therealfergus,mackjyers21,empireyikesback,burgertownthicnred,shakylegs,tonygordzilla22,namebrant,black8yellownation,1
herbietime,pacc,alecwilson,empireyikesback,thezirconisdragon,mackjyers21,burgertownthicnred,therealfergus,shakylegs,namebrant,tonygordzilla22,black8yellownation,1
herbietime,thezirconisdragon,pacc,alecwilson,empireyikesback,therealfergus,mackjyers21,shakylegs,burgertownthicnred,namebrant,tonygordzilla22,black8yellownation,1
herbietime,alecwilson,pacc,thezirconisdragon,empireyikesback,mackjyers21,tonygordzilla22,therealfergus,burgertownthicnred,namebrant,shakylegs,black8yellownation,1
alecwilson,thezirconisdragon,herbietime,empireyikesback,mackjyers21,pacc,therealfergus,burgertownthicnred,namebrant,tonygordzilla22,shakylegs,black8yellownation,1
herbietime,pacc,empireyikesback,alecwilson,mackjyers21,thezirconisdragon,shakylegs,namebrant,burgertownthicnred,therealfergus,tonygordzilla22,black8yellownation,1
herbietime,thezirconisdragon,pacc,empireyikesback,alecwilson,burgertownthicnred,mackjyers21,therealfergus,shakylegs,tonygordzilla22,namebrant,black8yellownation,1
herbietime,pacc,thezirconisdragon,therealfergus,empireyikesback,alecwilson,burgertownthicnred,mackjyers21,black8yellownation,shakylegs,namebrant,tonygordzilla22,1
pacc,herbietime,alecwilson,thezirconisdragon,empireyikesback,therealfergus,burgertownthicnred,mackjyers21,shakylegs,tonygordzilla22,namebrant,black8yellownation,1
herbietime,alecwilson,pacc,mackjyers21,thezirconisdragon,therealfergus,burgertownthicnred,namebrant,tonygordzilla22,empireyikesback,shakylegs,black8yellownation,1
herbietime,pacc,empireyikesback,mackjyers21,alecwilson,tonygordzilla22,thezirconisdragon,burgertownthicnred,shakylegs,namebrant,therealfergus,black8yellownation,1
herbietime,pacc,thezirconisdragon,alecwilson,empireyikesback,burgertownthicnred,mackjyers21,therealfergus,namebrant,shakylegs,black8yellownation,tonygordzilla22,1
thezirconisdragon,herbietime,pacc,empireyikesback,mackjyers21,alecwilson,therealfergus,namebrant,tonygordzilla22,burgertownthicnred,shakylegs,black8yellownation,1
herbietime,alecwilson,thezirconisdragon,pacc,empireyikesback,burgertownthicnred,therealfergus,namebrant,mackjyers21,shakylegs,tonygordzilla22,black8yellownation,1
alecwilson,herbietime,thezirconisdragon,therealfergus,mackjyers21,pacc,empireyikesback,shakylegs,burgertownthicnred,namebrant,tonygordzilla22,black8yellownation,1
herbietime,alecwilson,pacc,thezirconisdragon,therealfergus,mackjyers21,empireyikesback,burgertownthicnred,shakylegs,tonygordzilla22,black8yellownation,namebrant,1
pacc,herbietime,thezirconisdragon,alecwilson,therealfergus,mackjyers21,empireyikesback,namebrant,burgertownthicnred,shakylegs,tonygordzilla22,black8yellownation,1
herbietime,pacc,alecwilson,thezirconisdragon,therealfergus,empireyikesback,mackjyers21,shakylegs,burgertownthicnred,namebrant,tonygordzilla22,black8yellownation,1
herbietime,empireyikesback,pacc,thezirconisdragon,alecwilson,therealfergus,burgertownthicnred,shakylegs,namebrant,mackjyers21,tonygordzilla22,black8yellownation,1
herbietime,alecwilson,thezirconisdragon,pacc,therealfergus,empireyikesback,mackjyers21,namebrant,tonygordzilla22,black8yellownation,burgertownthicnred,shakylegs,1
alecwilson,herbietime,pacc,empireyikesback,thezirconisdragon,mackjyers21,tonygordzilla22,burgertownthicnred,shakylegs,therealfergus,namebrant,black8yellownation,1
herbietime,alecwilson,pacc,thezirconisdragon,empireyikesback,mackjyers21,therealfergus,shakylegs,namebrant,tonygordzilla22,burgertownthicnred,black8yellownation,1
therealfergus,herbietime,thezirconisdragon,empireyikesback,alecwilson,mackjyers21,pacc,burgertownthicnred,shakylegs,namebrant,tonygordzilla22,black8yellownation,1
herbietime,alecwilson,pacc,empireyikesback,thezirconisdragon,tonygordzilla22,burgertownthicnred,mackjyers21,therealfergus,shakylegs,namebrant,black8yellownation,1
therealfergus,herbietime,pacc,mackjyers21,alecwilson,empireyikesback,burgertownthicnred,thezirconisdragon,shakylegs,tonygordzilla22,namebrant,black8yellownation,1
herbietime,thezirconisdragon,alecwilson,pacc,empireyikesback,burgertownthicnred,mackjyers21,therealfergus,shakylegs,namebrant,tonygordzilla22,black8yellownation,1
herbietime,alecwilson,pacc,thezirconisdragon,mackjyers21,therealfergus,empireyikesback,namebrant,tonygordzilla22,burgertownthicnred,shakylegs,black8yellownation,1
herbietime,pacc,shakylegs,alecwilson,thezirconisdragon,empireyikesback,therealfergus,burgertownthicnred,tonygordzilla22,mackjyers21,namebrant,black8yellownation,1
thezirconisdragon,alecwilson,empireyikesback,herbietime,pacc,therealfergus,shakylegs,mackjyers21,burgertownthicnred,tonygordzilla22,namebrant,black8yellownation,1
herbietime,alecwilson,thezirconisdragon,pacc,namebrant,therealfergus,burgertownthicnred,mackjyers21,empireyikesback,tonygordzilla22,black8yellownation,shakylegs,1
thezirconisdragon,herbietime,alecwilson,pacc,therealfergus,empireyikesback,burgertownthicnred,mackjyers21,shakylegs,namebrant,tonygordzilla22,black8yellownation,1
herbietime,alecwilson,pacc,therealfergus,empireyikesback,burgertownthicnred,mackjyers21,shakylegs,thezirconisdragon,tonygordzilla22,black8yellownation,namebrant,1
alecwilson,empireyikesback,herbietime,pacc,thezirconisdragon,therealfergus,burgertownthicnred,shakylegs,mackjyers21,namebrant,tonygordzilla22,black8yellownation,1
pacc,thezirconisdragon,empireyikesback,herbietime,alecwilson,therealfergus,burgertownthicnred,tonygordzilla22,mackjyers21,shakylegs,black8yellownation,namebrant,1
herbietime,pacc,alecwilson,empireyikesback,thezirconisdragon,therealfergus,mackjyers21,burgertownthicnred,namebrant,shakylegs,tonygordzilla22,black8yellownation,1
herbietime,alecwilson,thezirconisdragon,pacc,empireyikesback,therealfergus,burgertownthicnred,mackjyers21,namebrant,tonygordzilla22,shakylegs,black8yellownation,1
herbietime,alecwilson,therealfergus,thezirconisdragon,pacc,empireyikesback,burgertownthicnred,mackjyers21,namebrant,tonygordzilla22,shakylegs,black8yellownation,1
herbietime,alecwilson,pacc,thezirconisdragon,empireyikesback,mackjyers21,therealfergus,burgertownthicnred,namebrant,shakylegs,tonygordzilla22,black8yellownation,1
thezirconisdragon,herbietime,alecwilson,therealfergus,burgertownthicnred,shakylegs,pacc,empireyikesback,mackjyers21,namebrant,tonygordzilla22,black8yellownation,1
thezirconisdragon,herbietime,alecwilson,pacc,therealfergus,empireyikesback,mackjyers21,black8yellownation,tonygordzilla22,burgertownthicnred,shakylegs,namebrant,1
herbietime,alecwilson,thezirconisdragon,empireyikesback,burgertownthicnred,mackjyers21,pacc,therealfergus,shakylegs,namebrant,tonygordzilla22,black8yellownation,1
herbietime,pacc,thezirconisdragon,alecwilson,therealfergus,burgertownthicnred,empireyikesback,mackjyers21,shakylegs,tonygordzilla22,namebrant,black8yellownation,1
herbietime,alecwilson,pacc,thezirconisdragon,empireyikesback,mackjyers21,therealfergus,burgertownthicnred,namebrant,black8yellownation,shakylegs,tonygordzilla22,1
thezirconisdragon,herbietime,alecwilson,pacc,empireyikesback,therealfergus,burgertownthicnred,mackjyers21,shakylegs,namebrant,tonygordzilla22,black8yellownation,1
herbietime,thezirconisdragon,alecwilson,pacc,empireyikesback,mackjyers21,burgertownthicnred,therealfergus,namebrant,tonygordzilla22,shakylegs,black8yellownation,1
alecwilson,herbietime,burgertownthicnred,pacc,thezirconisdragon,therealfergus,empireyikesback,mackjyers21,shakylegs,tonygordzilla22,namebrant,black8yellownation,1
herbietime,pacc,thezirconisdragon,therealfergus,empireyikesback,burgertownthicnred,mackjyers21,alecwilson,tonygordzilla22,black8yellownation,shakylegs,namebrant,1
herbietime,thezirconisdragon,therealfergus,alecwilson,pacc,mackjyers21,empireyikesback,burgertownthicnred,tonygordzilla22,shakylegs,namebrant,black8yellownation,1
thezirconisdragon,herbietime,alecwilson,pacc,mackjyers21,therealfergus,empireyikesback,namebrant,tonygordzilla22,burgertownthicnred,black8yellownation,shakylegs,1
empireyikesback,herbietime,alecwilson,pacc,thezirconisdragon,mackjyers21,therealfergus,shakylegs,burgertownthicnred,tonygordzilla22,namebrant,black8yellownation,1
herbietime,alecwilson,pacc,thezirconisdragon,empireyikesback,burgertownthicnred,mackjyers21,therealfergus,shakylegs,tonygordzilla22,namebrant,black8yellownation,1
herbietime,alecwilson,empireyikesback,pacc,thezirconisdragon,namebrant,therealfergus,shakylegs,tonygordzilla22,mackjyers21,burgertownthicnred,black8yellownation,1
pacc,herbietime,alecwilson,thezirconisdragon,empireyikesback,burgertownthicnred,therealfergus,shakylegs,mackjyers21,tonygordzilla22,namebrant,black8yellownation,1
herbietime,empireyikesback,pacc,thezirconisdragon,therealfergus,alecwilson,burgertownthicnred,shakylegs,mackjyers21,namebrant,tonygordzilla22,black8yellownation,1
herbietime,alecwilson,thezirconisdragon,pacc,therealfergus,empireyikesback,burgertownthicnred,namebrant,shakylegs,mackjyers21,tonygordzilla22,black8yellownation,1
pacc,herbietime,therealfergus,thezirconisdragon,empireyikesback,alecwilson,burgertownthicnred,namebrant,tonygordzilla22,shakylegs,mackjyers21,black8yellownation,1
thezirconisdragon,herbietime,alecwilson,pacc,empireyikesback,therealfergus,burgertownthicnred,mackjyers21,shakylegs,tonygordzilla22,black8yellownation,namebrant,1
herbietime,alecwilson,thezirconisdragon,therealfergus,burgertownthicnred,pacc,empireyikesback,mackjyers21,shakylegs,namebrant,tonygordzilla22,black8yellownation,1
herbietime,pacc,thezirconisdragon,alecwilson,burgertownthicnred,therealfergus,empireyikesback,mackjyers21,shakylegs,tonygordzilla22,black8yellownation,namebrant,1
thezirconisdragon,herbietime,alecwilson,pacc,empireyikesback,mackjyers21,burgertownthicnred,namebrant,tonygordzilla22,shakylegs,therealfergus,black8yellownation,1
herbietime,alecwilson,thezirconisdragon,pacc,tonygordzilla22,therealfergus,empireyikesback,burgertownthicnred,mackjyers21,shakylegs,namebrant,black8yellownation,1
herbietime,thezirconisdragon,pacc,alecwilson,therealfergus,empireyikesback,mackjyers21,burgertownthicnred,shakylegs,namebrant,tonygordzilla22,black8yellownation,1
herbietime,thezirconisdragon,alecwilson,pacc,therealfergus,empireyikesback,mackjyers21,shakylegs,burgertownthicnred,namebrant,tonygordzilla22,black8yellownation,1
thezirconisdragon,herbietime,empireyikesback,mackjyers21,alecwilson,pacc,burgertownthicnred,therealfergus,namebrant,shakylegs,tonygordzilla22,black8yellownation,1
pacc,herbietime,thezirconisdragon,therealfergus,alecwilson,empireyikesback,burgertownthicnred,mackjyers21,namebrant,shakylegs,black8yellownation,tonygordzilla22,1
herbietime,thezirconisdragon,shakylegs,pacc,alecwilson,therealfergus,empireyikesback,burgertownthicnred,mackjyers21,namebrant,tonygordzilla22,black8yellownation,1
pacc,thezirconisdragon,herbietime,burgertownthicnred,alecwilson,therealfergus,empireyikesback,shakylegs,tonygordzilla22,mackjyers21,namebrant,black8yellownation,1
herbietime,thezirconisdragon,alecwilson,empireyikesback,therealfergus,tonygordzilla22,pacc,mackjyers21,burgertownthicnred,shakylegs,namebrant,black8yellownation,1
thezirconisdragon,herbietime,alecwilson,burgertownthicnred,pacc,shakylegs,therealfergus,empireyikesback,mackjyers21,namebrant,tonygordzilla22,black8yellownation,1
herbietime,alecwilson,pacc,thezirconisdragon,therealfergus,empireyikesback,mackjyers21,shakylegs,namebrant,burgertownthicnred,black8yellownation,tonygordzilla22,1
herbietime,alecwilson,pacc,empireyikesback,burgertownthicnred,therealfergus,thezirconisdragon,namebrant,mackjyers21,tonygordzilla22,shakylegs,black8yellownation,1
pacc,thezirconisdragon,empireyikesback,mackjyers21,herbietime,alecwilson,therealfergus,burgertownthicnred,namebrant,tonygordzilla22,black8yellownation,shakylegs,1
herbietime,thezirconisdragon,alecwilson,pacc,empireyikesback,burgertownthicnred,therealfergus,shakylegs,black8yellownation,mackjyers21,namebrant,tonygordzilla22,1
pacc,alecwilson,herbietime,thezirconisdragon,therealfergus,namebrant,empireyikesback,mackjyers21,shakylegs,burgertownthicnred,black8yellownation,tonygordzilla22,1
herbietime,thezirconisdragon,alecwilson,pacc,mackjyers21,therealfergus,namebrant,shakylegs,empireyikesback,burgertownthicnred,black8yellownation,tonygordzilla22,1
empireyikesback,pacc,herbietime,alecwilson,therealfergus,thezirconisdragon,tonygordzilla22,shakylegs,burgertownthicnred,namebrant,mackjyers21,black8yellownation,1
herbietime,alecwilson,pacc,thezirconisdragon,therealfergus,empireyikesback,namebrant,burgertownthicnred,shakylegs,mackjyers21,tonygordzilla22,black8yellownation,1
pacc,herbietime,alecwilson,therealfergus,thezirconisdragon,burgertownthicnred,mackjyers21,empireyikesback,shakylegs,tonygordzilla22,namebrant,black8yellownation,1
pacc,alecwilson,herbietime,thezirconisdragon,empireyikesback,mackjyers21,therealfergus,burgertownthicnred,shakylegs,tonygordzilla22,namebrant,black8yellownation,1
thezirconisdragon,herbietime,alecwilson,pacc,empireyikesback,burgertownthicnred,therealfergus,namebrant,mackjyers21,shakylegs,tonygordzilla22,black8yellownation,1
herbietime,thezirconisdragon,pacc,therealfergus,empireyikesback,alecwilson,mackjyers21,burgertownthicnred,tonygordzilla22,black8yellownation,shakylegs,namebrant,1
thezirconisdragon,herbietime,pacc,alecwilson,empireyikesback,therealfergus,shakylegs,namebrant,tonygordzilla22,burgertownthicnred,mackjyers21,black8yellownation,1
thezirconisdragon,pacc,alecwilson,herbietime,therealfergus,empireyikesback,mackjyers21,shakylegs,burgertownthicnred,namebrant,tonygordzilla22,black8yellownation,1
herbietime,alecwilson,pacc,thezirconisdragon,empireyikesback,burgertownthicnred,shakylegs,mackjyers21,tonygordzilla22,namebrant,therealfergus,black8yellownation,1
thezirconisdragon,empireyikesback,herbietime,pacc,alecwilson,therealfergus,mackjyers21,namebrant,burgertownthicnred,shakylegs,tonygordzilla22,black8yellownation,1
thezirconisdragon,herbietime,alecwilson,pacc,mackjyers21,empireyikesback,burgertownthicnred,shakylegs,namebrant,tonygordzilla22,therealfergus,black8yellownation,1
herbietime,alecwilson,pacc,therealfergus,thezirconisdragon,empireyikesback,shakylegs,burgertownthicnred,mackjyers21,namebrant,tonygordzilla22,black8yellownation,1
herbietime,thezirconisdragon,alecwilson,pacc,empireyikesback,mackjyers21,burgertownthicnred,shakylegs,therealfergus,tonygordzilla22,namebrant,black8yellownation,1
pacc,alecwilson,thezirconisdragon,herbietime,therealfergus,burgertownthicnred,empireyikesback,tonygordzilla22,mackjyers21,shakylegs,black8yellownation,namebrant,1
herbietime,alecwilson,thezirconisdragon,mackjyers21,empireyikesback,pacc,burgertownthicnred,shakylegs,therealfergus,namebrant,tonygordzilla22,black8yellownation,1
herbietime,pacc,alecwilson,therealfergus,thezirconisdragon,burgertownthicnred,empireyikesback,mackjyers21,tonygordzilla22,shakylegs,namebrant,black8yellownation,1
herbietime,pacc,thezirconisdragon,alecwilson,empireyikesback,namebrant,therealfergus,burgertownthicnred,mackjyers21,shakylegs,black8yellownation,tonygordzilla22,1
alecwilson,herbietime,pacc,thezirconisdragon,therealfergus,empireyikesback,burgertownthicnred,mackjyers21,namebrant,tonygordzilla22,black8yellownation,shakylegs,1
pacc,herbietime,thezirconisdragon,empireyikesback,namebrant,therealfergus,alecwilson,shakylegs,burgertownthicnred,mackjyers21,black8yellownation,tonygordzilla22,1
pacc,thezirconisdragon,therealfergus,herbietime,alecwilson,empireyikesback,burgertownthicnred,mackjyers21,shakylegs,namebrant,tonygordzilla22,black8yellownation,1
thezirconisdragon,herbietime,alecwilson,pacc,namebrant,empireyikesback,burgertownthicnred,mackjyers21,therealfergus,shakylegs,tonygordzilla22,black8yellownation,1
herbietime,thezirconisdragon,alecwilson,therealfergus,burgertownthicnred,pacc,empireyikesback,mackjyers21,tonygordzilla22,shakylegs,namebrant,black8yellownation,1
herbietime,thezirconisdragon,pacc,empireyikesback,alecwilson,mackjyers21,therealfergus,burgertownthicnred,shakylegs,tonygordzilla22,namebrant,black8yellownation,1
thezirconisdragon,herbietime,alecwilson,pacc,therealfergus,empireyikesback,burgertownthicnred,mackjyers21,shakylegs,namebrant,black8yellownation,tonygordzilla22,1
alecwilson,empireyikesback,herbietime,pacc,thezirconisdragon,mackjyers21,burgertownthicnred,tonygordzilla22,therealfergus,shakylegs,namebrant,black8yellownation,1
herbietime,alecwilson,thezirconisdragon,pacc,therealfergus,empireyikesback,burgertownthicnred,mackjyers21,shakylegs,tonygordzilla22,black8yellownation,namebrant,1
alecwilson,burgertownthicnred,herbietime,pacc,thezirconisdragon,therealfergus,mackjyers21,empireyikesback,shakylegs,namebrant,black8yellownation,tonygordzilla22,1
herbietime,pacc,mackjyers21,alecwilson,thezirconisdragon,burgertownthicnred,therealfergus,namebrant,tonygordzilla22,empireyikesback,shakylegs,black8yellownation,1
herbietime,thezirconisdragon,pacc,alecwilson,empireyikesback,therealfergus,burgertownthicnred,mackjyers21,namebrant,tonygordzilla22,shakylegs,black8yellownation,1
thezirconisdragon,herbietime,alecwilson,pacc,therealfergus,empireyikesback,burgertownthicnred,mackjyers21,namebrant,tonygordzilla22,shakylegs,black8yellownation,1
alecwilson,thezirconisdragon,pacc,mackjyers21,therealfergus,empireyikesback,herbietime,burgertownthicnred,black8yellownation,tonygordzilla22,shakylegs,namebrant,1
alecwilson,herbietime,pacc,thezirconisdragon,therealfergus,empireyikesback,mackjyers21,shakylegs,namebrant,burgertownthicnred,tonygordzilla22,black8yellownation,1
alecwilson,thezirconisdragon,herbietime,therealfergus,pacc,shakylegs,burgertownthicnred,tonygordzilla22,empireyikesback,mackjyers21,namebrant,black8yellownation,1
alecwilson,herbietime,pacc,empireyikesback,therealfergus,thezirconisdragon,burgertownthicnred,namebrant,mackjyers21,shakylegs,tonygordzilla22,black8yellownation,1
herbietime,pacc,alecwilson,thezirconisdragon,empireyikesback,therealfergus,namebrant,mackjyers21,burgertownthicnred,tonygordzilla22,shakylegs,black8yellownation,1
herbietime,alecwilson,pacc,empireyikesback,thezirconisdragon,therealfergus,burgertownthicnred,mackjyers21,shakylegs,namebrant,tonygordzilla22,black8yellownation,1
herbietime,alecwilson,thezirconisdragon,pacc,burgertownthicnred,empireyikesback,therealfergus,namebrant,mackjyers21,shakylegs,tonygordzilla22,black8yellownation,1
herbietime,pacc,thezirconisdragon,namebrant,empireyikesback,alecwilson,therealfergus,mackjyers21,shakylegs,burgertownthicnred,tonygordzilla22,black8yellownation,1
thezirconisdragon,alecwilson,pacc,empireyikesback,burgertownthicnred,herbietime,therealfergus,mackjyers21,shakylegs,namebrant,tonygordzilla22,black8yellownation,1
alecwilson,thezirconisdragon,herbietime,therealfergus,empireyikesback,burgertownthicnred,pacc,shakylegs,tonygordzilla22,namebrant,mackjyers21,black8yellownation,1
herbietime,pacc,alecwilson,mackjyers21,namebrant,therealfergus,empireyikesback,burgertownthicnred,black8yellownation,thezirconisdragon,shakylegs,tonygordzilla22,1
herbietime,pacc,thezirconisdragon,alecwilson,empireyikesback,burgertownthicnred,therealfergus,mackjyers21,shakylegs,tonygordzilla22,namebrant,black8yellownation,1
thezirconisdragon,herbietime,alecwilson,pacc,empireyikesback,therealfergus,mackjyers21,burgertownthicnred,shakylegs,namebrant,tonygordzilla22,black8yellownation,1
herbietime,alecwilson,pacc,thezirconisdragon,therealfergus,empireyikesback,shakylegs,tonygordzilla22,burgertownthicnred,mackjyers21,namebrant,black8yellownation,1
alecwilson,thezirconisdragon,mackjyers21,herbietime,pacc,empireyikesback,therealfergus,namebrant,shakylegs,burgertownthicnred,tonygordzilla22,black8yellownation,1
herbietime,thezirconisdragon,pacc,alecwilson,empireyikesback,tonygordzilla22,burgertownthicnred,therealfergus,namebrant,mackjyers21,shakylegs,black8yellownation,1
herbietime,pacc,thezirconisdragon,alecwilson,empireyikesback,burgertownthicnred,mackjyers21,therealfergus,shakylegs,black8yellownation,namebrant,tonygordzilla22,1
herbietime,alecwilson,pacc,thezirconisdragon,empireyikesback,burgertownthicnred,therealfergus,shakylegs,mackjyers21,namebrant,black8yellownation,tonygordzilla22,1
herbietime,pacc,alecwilson,thezirconisdragon,mackjyers21,therealfergus,burgertownthicnred,namebrant,empireyikesback,tonygordzilla22,shakylegs,black8yellownation,1
alecwilson,thezirconisdragon,herbietime,therealfergus,mackjyers21,tonygordzilla22,pacc,empireyikesback,burgertownthicnred,namebrant,shakylegs,black8yellownation,1
herbietime,alecwilson,thezirconisdragon,pacc,therealfergus,burgertownthicnred,tonygordzilla22,mackjyers21,namebrant,empireyikesback,shakylegs,black8yellownation,1
herbietime,pacc,empireyikesback,alecwilson,thezirconisdragon,mackjyers21,tonygordzilla22,therealfergus,burgertownthicnred,shakylegs,namebrant,black8yellownation,1
thezirconisdragon,herbietime,pacc,empireyikesback,alecwilson,therealfergus,burgertownthicnred,mackjyers21,shakylegs,namebrant,tonygordzilla22,black8yellownation,1
herbietime,pacc,therealfergus,empireyikesback,thezirconisdragon,namebrant,alecwilson,mackjyers21,shakylegs,burgertownthicnred,tonygordzilla22,black8yellownation,1
alecwilson,pacc,empireyikesback,herbietime,thezirconisdragon,burgertownthicnred,therealfergus,namebrant,tonygordzilla22,mackjyers21,shakylegs,black8yellownation,1
herbietime,pacc,thezirconisdragon,therealfergus,alecwilson,empireyikesback,mackjyers21,tonygordzilla22,burgertownthicnred,shakylegs,namebrant,black8yellownation,1
pacc,herbietime,thezirconisdragon,therealfergus,alecwilson,empireyikesback,mackjyers21,shakylegs,burgertownthicnred,namebrant,tonygordzilla22,black8yellownation,1
thezirconisdragon,alecwilson,herbietime,pacc,empireyikesback,therealfergus,burgertownthicnred,mackjyers21,shakylegs,namebrant,tonygordzilla22,black8yellownation,1
herbietime,alecwilson,thezirconisdragon,pacc,burgertownthicnred,therealfergus,empireyikesback,mackjyers21,shakylegs,namebrant,tonygordzilla22,black8yellownation,1
herbietime,alecwilson,pacc,thezirconisdragon,empireyikesback,burgertownthicnred,therealfergus,shakylegs,tonygordzilla22,namebrant,mackjyers21,black8yellownation,1
thezirconisdragon,herbietime,pacc,therealfergus,alecwilson,shakylegs,empireyikesback,mackjyers21,burgertownthicnred,tonygordzilla22,black8yellownation,namebrant,1
alecwilson,herbietime,pacc,empireyikesback,therealfergus,thezirconisdragon,burgertownthicnred,mackjyers21,namebrant,shakylegs,tonygordzilla22,black8yellownation,1
herbietime,therealfergus,pacc,alecwilson,thezirconisdragon,burgertownthicnred,empireyikesback,mackjyers21,namebrant,tonygordzilla22,shakylegs,black8yellownation,1
pacc,herbietime,thezirconisdragon,mackjyers21,namebrant,alecwilson,empireyikesback,therealfergus,burgertownthicnred,shakylegs,black8yellownation,tonygordzilla22,1
alecwilson,herbietime,thezirconisdragon,pacc,therealfergus,empireyikesback,tonygordzilla22,shakylegs,mackjyers21,burgertownthicnred,namebrant,black8yellownation,1
thezirconisdragon,herbietime,therealfergus,mackjyers21,alecwilson,pacc,empireyikesback,namebrant,burgertownthicnred,tonygordzilla22,shakylegs,black8yellownation,1
herbietime,pacc,thezirconisdragon,alecwilson,therealfergus,mackjyers21,empireyikesback,burgertownthicnred,tonygordzilla22,shakylegs,namebrant,black8yellownation,1
alecwilson,herbietime,pacc,thezirconisdragon,therealfergus,empireyikesback,burgertownthicnred,mackjyers21,tonygordzilla22,shakylegs,black8yellownation,namebrant,1
alecwilson,pacc,thezirconisdragon,therealfergus,herbietime,mackjyers21,empireyikesback,shakylegs,burgertownthicnred,namebrant,tonygordzilla22,black8yellownation,1
empireyikesback,herbietime,pacc,thezirconisdragon,alecwilson,burgertownthicnred,namebrant,tonygordzilla22,therealfergus,mackjyers21,shakylegs,black8yellownation,1
pacc,thezirconisdragon,empireyikesback,herbietime,alecwilson,burgertownthicnred,mackjyers21,tonygordzilla22,therealfergus,black8yellownation,namebrant,shakylegs,1
pacc,thezirconisdragon,alecwilson,empireyikesback,herbietime,mackjyers21,burgertownthicnred,shakylegs,therealfergus,namebrant,tonygordzilla22,black8yellownation,1
alecwilson,herbietime,pacc,thezirconisdragon,empireyikesback,burgertownthicnred,shakylegs,therealfergus,mackjyers21,namebrant,tonygordzilla22,black8yellownation,1
herbietime,alecwilson,pacc,empireyikesback,burgertownthicnred,thezirconisdragon,therealfergus,shakylegs,tonygordzilla22,mackjyers21,namebrant,black8yellownation,1
thezirconisdragon,mackjyers21,pacc,herbietime,alecwilson,empireyikesback,therealfergus,shakylegs,burgertownthicnred,namebrant,tonygordzilla22,black8yellownation,1
herbietime,alecwilson,therealfergus,thezirconisdragon,mackjyers21,pacc,empireyikesback,burgertownthicnred,namebrant,tonygordzilla22,black8yellownation,shakylegs,1
herbietime,thezirconisdragon,alecwilson,pacc,therealfergus,burgertownthicnred,empireyikesback,mackjyers21,shakylegs,namebrant,tonygordzilla22,black8yellownation,1
thezirconisdragon,pacc,herbietime,alecwilson,mackjyers21,empireyikesback,burgertownthicnred,therealfergus,namebrant,shakylegs,tonygordzilla22,black8yellownation,1
herbietime,alecwilson,mackjyers21,pacc,thezirconisdragon,empireyikesback,burgertownthicnred,therealfergus,shakylegs,namebrant,tonygordzilla22,black8yellownation,1
thezirconisdragon,herbietime,pacc,alecwilson,empireyikesback,shakylegs,therealfergus,burgertownthicnred,mackjyers21,namebrant,tonygordzilla22,black8yellownation,1
alecwilson,thezirconisdragon,therealfergus,herbietime,pacc,empireyikesback,mackjyers21,burgertownthicnred,shakylegs,tonygordzilla22,namebrant,black8yellownation,1
thezirconisdragon,herbietime,therealfergus,burgertownthicnred,alecwilson,pacc,empireyikesback,shakylegs,tonygordzilla22,mackjyers21,namebrant,black8yellownation,1
thezirconisdragon,herbietime,alecwilson,pacc,empireyikesback,burgertownthicnred,mackjyers21,tonygordzilla22,therealfergus,shakylegs,namebrant,black8yellownation,1
thezirconisdragon,herbietime,alecwilson,pacc,mackjyers21,empireyikesback,therealfergus,burgertownthicnred,shakylegs,tonygordzilla22,namebrant,black8yellownation,1
herbietime,alecwilson,thezirconisdragon,pacc,therealfergus,shakylegs,empireyikesback,tonygordzilla22,burgertownthicnred,mackjyers21,namebrant,black8yellownation,1
herbietime,alecwilson,pacc,therealfergus,mackjyers21,thezirconisdragon,empireyikesback,burgertownthicnred,shakylegs,namebrant,tonygordzilla22,black8yellownation,1
pacc,thezirconisdragon,herbietime,alecwilson,burgertownthicnred,therealfergus,empireyikesback,tonygordzilla22,mackjyers21,shakylegs,namebrant,black8yellownation,1
thezirconisdragon,herbietime,alecwilson,empireyikesback,pacc,shakylegs,burgertownthicnred,therealfergus,mackjyers21,namebrant,tonygordzilla22,black8yellownation,1
therealfergus,alecwilson,herbietime,pacc,thezirconisdragon,burgertownthicnred,shakylegs,empireyikesback,mackjyers21,tonygordzilla22,namebrant,black8yellownation,1
thezirconisdragon,pacc,herbietime,alecwilson,empireyikesback,mackjyers21,shakylegs,therealfergus,burgertownthicnred,tonygordzilla22,namebrant,black8yellownation,1
thezirconisdragon,alecwilson,pacc,herbietime,therealfergus,empireyikesback,mackjyers21,burgertownthicnred,shakylegs,tonygordzilla22,namebrant,black8yellownation,1
alecwilson,pacc,herbietime,thezirconisdragon,empireyikesback,mackjyers21,shakylegs,namebrant,tonygordzilla22,therealfergus,burgertownthicnred,black8yellownation,1
thezirconisdragon,herbietime,alecwilson,pacc,empireyikesback,therealfergus,mackjyers21,burgertownthicnred,namebrant,tonygordzilla22,shakylegs,black8yellownation,1
herbietime,pacc,alecwilson,thezirconisdragon,therealfergus,empireyikesback,burgertownthicnred,mackjyers21,shakylegs,black8yellownation,tonygordzilla22,namebrant,1
alecwilson,pacc,thezirconisdragon,herbietime,therealfergus,burgertownthicnred,tonygordzilla22,black8yellownation,empireyikesback,mackjyers21,namebrant,shakylegs,1
thezirconisdragon,herbietime,pacc,alecwilson,therealfergus,empireyikesback,burgertownthicnred,mackjyers21,tonygordzilla22,namebrant,shakylegs,black8yellownation,1
thezirconisdragon,alecwilson,pacc,herbietime,mackjyers21,empireyikesback,therealfergus,shakylegs,burgertownthicnred,namebrant,tonygordzilla22,black8yellownation,1
herbietime,pacc,alecwilson,thezirconisdragon,therealfergus,empireyikesback,burgertownthicnred,mackjyers21,shakylegs,tonygordzilla22,black8yellownation,namebrant,1
thezirconisdragon,herbietime,pacc,empireyikesback,therealfergus,mackjyers21,alecwilson,tonygordzilla22,burgertownthicnred,shakylegs,namebrant,black8yellownation,1
thezirconisdragon,pacc,herbietime,alecwilson,burgertownthicnred,mackjyers21,therealfergus,empireyikesback,namebrant,tonygordzilla22,shakylegs,black8yellownation,1
thezirconisdragon,herbietime,alecwilson,therealfergus,pacc,empireyikesback,shakylegs,burgertownthicnred,mackjyers21,tonygordzilla22,namebrant,black8yellownation,1
herbietime,alecwilson,thezirconisdragon,pacc,therealfergus,burgertownthicnred,empireyikesback,shakylegs,mackjyers21,tonygordzilla22,namebrant,black8yellownation,1
pacc,thezirconisdragon,herbietime,empireyikesback,therealfergus,alecwilson,mackjyers21,tonygordzilla22,burgertownthicnred,shakylegs,namebrant,black8yellownation,1
herbietime,pacc,alecwilson,thezirconisdragon,therealfergus,empireyikesback,burgertownthicnred,mackjyers21,namebrant,shakylegs,tonygordzilla22,black8yellownation,1
alecwilson,herbietime,pacc,thezirconisdragon,therealfergus,empireyikesback,mackjyers21,burgertownthicnred,black8yellownation,tonygordzilla22,shakylegs,namebrant,1
herbietime,alecwilson,thezirconisdragon,pacc,empireyikesback,burgertownthicnred,mackjyers21,namebrant,therealfergus,shakylegs,tonygordzilla22,black8yellownation,1
herbietime,thezirconisdragon,pacc,empireyikesback,burgertownthicnred,alecwilson,therealfergus,mackjyers21,shakylegs,namebrant,black8yellownation,tonygordzilla22,1
herbietime,alecwilson,thezirconisdragon,pacc,empireyikesback,shakylegs,namebrant,mackjyers21,therealfergus,burgertownthicnred,tonygordzilla22,black8yellownation,1
pacc,herbietime,alecwilson,thezirconisdragon,burgertownthicnred,therealfergus,shakylegs,empireyikesback,mackjyers21,namebrant,tonygordzilla22,black8yellownation,1
herbietime,alecwilson,thezirconisdragon,therealfergus,pacc,empireyikesback,mackjyers21,tonygordzilla22,burgertownthicnred,namebrant,shakylegs,black8yellownation,1
pacc,herbietime,thezirconisdragon,therealfergus,alecwilson,empireyikesback,namebrant,burgertownthicnred,shakylegs,mackjyers21,tonygordzilla22,black8yellownation,1
pacc,herbietime,alecwilson,thezirconisdragon,mackjyers21,therealfergus,empireyikesback,burgertownthicnred,namebrant,shakylegs,black8yellownation,tonygordzilla22,1
herbietime,thezirconisdragon,alecwilson,pacc,empireyikesback,burgertownthicnred,mackjyers21,therealfergus,tonygordzilla22,shakylegs,namebrant,black8yellownation,1
alecwilson,thezirconisdragon,herbietime,pacc,empireyikesback,therealfergus,burgertownthicnred,mackjyers21,shakylegs,namebrant,black8yellownation,tonygordzilla22,1
alecwilson,herbietime,pacc,empireyikesback,thezirconisdragon,mackjyers21,namebrant,therealfergus,burgertownthicnred,shakylegs,tonygordzilla22,black8yellownation,1
herbietime,empireyikesback,alecwilson,pacc,thezirconisdragon,mackjyers21,therealfergus,burgertownthicnred,namebrant,black8yellownation,shakylegs,tonygordzilla22,1
herbietime,pacc,alecwilson,thezirconisdragon,empireyikesback,mackjyers21,therealfergus,shakylegs,burgertownthicnred,tonygordzilla22,namebrant,black8yellownation,1
pacc,alecwilson,thezirconisdragon,empireyikesback,herbietime,therealfergus,burgertownthicnred,mackjyers21,shakylegs,namebrant,tonygordzilla22,black8yellownation,1
herbietime,thezirconisdragon,mackjyers21,alecwilson,shakylegs,tonygordzilla22,pacc,therealfergus,empireyikesback,namebrant,burgertownthicnred,black8yellownation,1
pacc,herbietime,alecwilson,thezirconisdragon,therealfergus,empireyikesback,shakylegs,mackjyers21,namebrant,tonygordzilla22,burgertownthicnred,black8yellownation,1
thezirconisdragon,herbietime,pacc,empireyikesback,alecwilson,therealfergus,mackjyers21,namebrant,burgertownthicnred,shakylegs,black8yellownation,tonygordzilla22,1
thezirconisdragon,pacc,herbietime,mackjyers21,alecwilson,therealfergus,burgertownthicnred,empireyikesback,shakylegs,namebrant,tonygordzilla22,black8yellownation,1
pacc,alecwilson,thezirconisdragon,empireyikesback,herbietime,therealfergus,mackjyers21,burgertownthicnred,shakylegs,namebrant,tonygordzilla22,black8yellownation,1
herbietime,alecwilson,pacc,thezirconisdragon,empireyikesback,therealfergus,tonygordzilla22,burgertownthicnred,mackjyers21,shakylegs,black8yellownation,namebrant,1
herbietime,pacc,thezirconisdragon,alecwilson,therealfergus,mackjyers21,namebrant,empireyikesback,burgertownthicnred,tonygordzilla22,black8yellownation,shakylegs,1
pacc,thezirconisdragon,herbietime,empireyikesback,namebrant,alecwilson,burgertownthicnred,mackjyers21,therealfergus,shakylegs,tonygordzilla22,black8yellownation,1
pacc,herbietime,alecwilson,thezirconisdragon,burgertownthicnred,therealfergus,empireyikesback,mackjyers21,shakylegs,tonygordzilla22,namebrant,black8yellownation,1
herbietime,thezirconisdragon,pacc,alecwilson,empireyikesback,burgertownthicnred,namebrant,therealfergus,mackjyers21,tonygordzilla22,shakylegs,black8yellownation,1
herbietime,pacc,therealfergus,alecwilson,thezirconisdragon,empireyikesback,burgertownthicnred,mackjyers21,shakylegs,tonygordzilla22,namebrant,black8yellownation,1
herbietime,pacc,alecwilson,therealfergus,empireyikesback,thezirconisdragon,burgertownthicnred,mackjyers21,namebrant,shakylegs,tonygordzilla22,black8yellownation,1
herbietime,pacc,thezirconisdragon,empireyikesback,burgertownthicnred,alecwilson,mackjyers21,therealfergus,shakylegs,namebrant,tonygordzilla22,black8yellownation,1
herbietime,pacc,thezirconisdragon,therealfergus,burgertownthicnred,alecwilson,empireyikesback,mackjyers21,tonygordzilla22,shakylegs,namebrant,black8yellownation,1
pacc,alecwilson,thezirconisdragon,therealfergus,herbietime,empireyikesback,namebrant,burgertownthicnred,shakylegs,mackjyers21,tonygordzilla22,black8yellownation,1
herbietime,thezirconisdragon,pacc,alecwilson,therealfergus,burgertownthicnred,empireyikesback,mackjyers21,namebrant,shakylegs,tonygordzilla22,black8yellownation,1
herbietime,alecwilson,empireyikesback,pacc,thezirconisdragon,burgertownthicnred,therealfergus,tonygordzilla22,mackjyers21,namebrant,shakylegs,black8yellownation,1
pacc,herbietime,alecwilson,empireyikesback,therealfergus,mackjyers21,thezirconisdragon,shakylegs,tonygordzilla22,black8yellownation,burgertownthicnred,namebrant,1
herbietime,alecwilson,thezirconisdragon,pacc,mackjyers21,empireyikesback,therealfergus,shakylegs,namebrant,burgertownthicnred,black8yellownation,tonygordzilla22,1
herbietime,pacc,thezirconisdragon,alecwilson,mackjyers21,empireyikesback,burgertownthicnred,therealfergus,shakylegs,tonygordzilla22,namebrant,black8yellownation,1
herbietime,thezirconisdragon,pacc,alecwilson,therealfergus,empireyikesback,burgertownthicnred,mackjyers21,namebrant,shakylegs,black8yellownation,tonygordzilla22,1
herbietime,pacc,thezirconisdragon,alecwilson,namebrant,therealfergus,empireyikesback,burgertownthicnred,shakylegs,tonygordzilla22,mackjyers21,black8yellownation,1
thezirconisdragon,herbietime,shakylegs,alecwilson,pacc,therealfergus,burgertownthicnred,empireyikesback,namebrant,tonygordzilla22,mackjyers21,black8yellownation,1
herbietime,thezirconisdragon,pacc,alecwilson,burgertownthicnred,therealfergus,empireyikesback,mackjyers21,tonygordzilla22,black8yellownation,namebrant,shakylegs,1
herbietime,pacc,therealfergus,alecwilson,burgertownthicnred,empireyikesback,mackjyers21,namebrant,tonygordzilla22,thezirconisdragon,shakylegs,black8yellownation,1
burgertownthicnred,herbietime,therealfergus,empireyikesback,pacc,thezirconisdragon,mackjyers21,alecwilson,namebrant,tonygordzilla22,shakylegs,black8yellownation,1
herbietime,pacc,thezirconisdragon,alecwilson,empireyikesback,therealfergus,mackjyers21,shakylegs,namebrant,burgertownthicnred,tonygordzilla22,black8yellownation,1
herbietime,pacc,thezirconisdragon,alecwilson,empireyikesback,mackjyers21,namebrant,burgertownthicnred,shakylegs,tonygordzilla22,black8yellownation,therealfergus,1
pacc,herbietime,thezirconisdragon,mackjyers21,namebrant,therealfergus,empireyikesback,burgertownthicnred,alecwilson,shakylegs,tonygordzilla22,black8yellownation,1
herbietime,thezirconisdragon,alecwilson,therealfergus,empireyikesback,pacc,tonygordzilla22,burgertownthicnred,mackjyers21,shakylegs,namebrant,black8yellownation,1
pacc,herbietime,alecwilson,thezirconisdragon,mackjyers21,therealfergus,burgertownthicnred,empireyikesback,namebrant,shakylegs,tonygordzilla22,black8yellownation,1
herbietime,alecwilson,pacc,mackjyers21,thezirconisdragon,burgertownthicnred,empireyikesback,tonygordzilla22,therealfergus,namebrant,shakylegs,black8yellownation,1
herbietime,thezirconisdragon,alecwilson,pacc,therealfergus,burgertownthicnred,empireyikesback,mackjyers21,tonygordzilla22,namebrant,shakylegs,black8yellownation,1
herbietime,pacc,therealfergus,alecwilson,empireyikesback,burgertownthicnred,mackjyers21,namebrant,tonygordzilla22,thezirconisdragon,shakylegs,black8yellownation,1
pacc,thezirconisdragon,herbietime,alecwilson,therealfergus,burgertownthicnred,mackjyers21,tonygordzilla22,empireyikesback,shakylegs,namebrant,black8yellownation,1
herbietime,pacc,thezirconisdragon,alecwilson,empireyikesback,therealfergus,mackjyers21,tonygordzilla22,burgertownthicnred,namebrant,shakylegs,black8yellownation,1
thezirconisdragon,herbietime,pacc,alecwilson,therealfergus,empireyikesback,tonygordzilla22,shakylegs,namebrant,burgertownthicnred,mackjyers21,black8yellownation,1
herbietime,pacc,therealfergus,empireyikesback,alecwilson,thezirconisdragon,shakylegs,burgertownthicnred,namebrant,tonygordzilla22,mackjyers21,black8yellownation,1
herbietime,alecwilson,thezirconisdragon,pacc,therealfergus,burgertownthicnred,mackjyers21,empireyikesback,tonygordzilla22,namebrant,shakylegs,black8yellownation,1
herbietime,pacc,alecwilson,thezirconisdragon,empireyikesback,therealfergus,namebrant,mackjyers21,shakylegs,tonygordzilla22,burgertownthicnred,black8yellownation,1
herbietime,alecwilson,thezirconisdragon,pacc,burgertownthicnred,mackjyers21,therealfergus,empireyikesback,namebrant,tonygordzilla22,shakylegs,black8yellownation,1
herbietime,alecwilson,pacc,therealfergus,empireyikesback,thezirconisdragon,burgertownthicnred,mackjyers21,tonygordzilla22,shakylegs,namebrant,black8yellownation,1
thezirconisdragon,herbietime,pacc,mackjyers21,alecwilson,therealfergus,empireyikesback,shakylegs,burgertownthicnred,namebrant,tonygordzilla22,black8yellownation,1
herbietime,therealfergus,pacc,thezirconisdragon,mackjyers21,alecwilson,empireyikesback,burgertownthicnred,namebrant,shakylegs,tonygordzilla22,black8yellownation,1
thezirconisdragon,herbietime,alecwilson,pacc,therealfergus,empireyikesback,mackjyers21,shakylegs,namebrant,burgertownthicnred,black8yellownation,tonygordzilla22,1
thezirconisdragon,herbietime,pacc,alecwilson,therealfergus,empireyikesback,shakylegs,burgertownthicnred,namebrant,mackjyers21,tonygordzilla22,black8yellownation,1
herbietime,alecwilson,pacc,thezirconisdragon,therealfergus,mackjyers21,tonygordzilla22,empireyikesback,burgertownthicnred,namebrant,black8yellownation,shakylegs,1
alecwilson,herbietime,pacc,empireyikesback,thezirconisdragon,therealfergus,shakylegs,burgertownthicnred,mackjyers21,namebrant,tonygordzilla22,black8yellownation,1
thezirconisdragon,herbietime,alecwilson,pacc,empireyikesback,burgertownthicnred,therealfergus,namebrant,mackjyers21,tonygordzilla22,shakylegs,black8yellownation,1
herbietime,alecwilson,thezirconisdragon,pacc,therealfergus,empireyikesback,mackjyers21,burgertownthicnred,shakylegs,namebrant,tonygordzilla22,black8yellownation,1
alecwilson,herbietime,pacc,thezirconisdragon,empireyikesback,therealfergus,mackjyers21,shakylegs,burgertownthicnred,namebrant,tonygordzilla22,black8yellownation,1
pacc,thezirconisdragon,herbietime,alecwilson,therealfergus,empireyikesback,burgertownthicnred,mackjyers21,shakylegs,namebrant,black8yellownation,tonygordzilla22,1
herbietime,alecwilson,pacc,thezirconisdragon,therealfergus,empireyikesback,burgertownthicnred,tonygordzilla22,mackjyers21,shakylegs,namebrant,black8yellownation,1
herbietime,alecwilson,thezirconisdragon,burgertownthicnred,empireyikesback,pacc,mackjyers21,shakylegs,tonygordzilla22,therealfergus,namebrant,black8yellownation,1
pacc,thezirconisdragon,herbietime,alecwilson,empireyikesback,mackjyers21,shakylegs,therealfergus,namebrant,burgertownthicnred,tonygordzilla22,black8yellownation,1
alecwilson,herbietime,pacc,thezirconisdragon,empireyikesback,mackjyers21,therealfergus,black8yellownation,burgertownthicnred,namebrant,tonygordzilla22,shakylegs,1
pacc,alecwilson,herbietime,thezirconisdragon,mackjyers21,empireyikesback,namebrant,therealfergus,burgertownthicnred,shakylegs,tonygordzilla22,black8yellownation,1
herbietime,thezirconisdragon,pacc,alecwilson,empireyikesback,burgertownthicnred,therealfergus,mackjyers21,shakylegs,namebrant,black8yellownation,tonygordzilla22,1
herbietime,thezirconisdragon,alecwilson,empireyikesback,pacc,namebrant,therealfergus,mackjyers21,burgertownthicnred,shakylegs,black8yellownation,tonygordzilla22,1
alecwilson,thezirconisdragon,herbietime,pacc,shakylegs,therealfergus,burgertownthicnred,empireyikesback,mackjyers21,namebrant,tonygordzilla22,black8yellownation,1
alecwilson,thezirconisdragon,herbietime,pacc,therealfergus,mackjyers21,shakylegs,namebrant,empireyikesback,burgertownthicnred,tonygordzilla22,black8yellownation,1
herbietime,mackjyers21,alecwilson,thezirconisdragon,empireyikesback,therealfergus,burgertownthicnred,shakylegs,pacc,namebrant,tonygordzilla22,black8yellownation,1
thezirconisdragon,herbietime,empireyikesback,pacc,alecwilson,mackjyers21,therealfergus,burgertownthicnred,shakylegs,namebrant,tonygordzilla22,black8yellownation,1
herbietime,alecwilson,pacc,mackjyers21,shakylegs,thezirconisdragon,empireyikesback,namebrant,tonygordzilla22,therealfergus,black8yellownation,burgertownthicnred,1
pacc,thezirconisdragon,alecwilson,herbietime,therealfergus,empireyikesback,burgertownthicnred,mackjyers21,shakylegs,namebrant,black8yellownation,tonygordzilla22,1
herbietime,pacc,thezirconisdragon,empireyikesback,alecwilson,burgertownthicnred,therealfergus,mackjyers21,shakylegs,tonygordzilla22,namebrant,black8yellownation,1
herbietime,thezirconisdragon,alecwilson,therealfergus,burgertownthicnred,mackjyers21,pacc,empireyikesback,shakylegs,namebrant,black8yellownation,tonygordzilla22,1
herbietime,thezirconisdragon,alecwilson,therealfergus,empireyikesback,namebrant,tonygordzilla22,pacc,mackjyers21,burgertownthicnred,shakylegs,black8yellownation,1
herbietime,alecwilson,pacc,therealfergus,empireyikesback,burgertownthicnred,thezirconisdragon,namebrant,mackjyers21,shakylegs,tonygordzilla22,black8yellownation,1
thezirconisdragon,herbietime,pacc,empireyikesback,burgertownthicnred,alecwilson,mackjyers21,therealfergus,namebrant,tonygordzilla22,shakylegs,black8yellownation,1
herbietime,pacc,thezirconisdragon,empireyikesback,alecwilson,burgertownthicnred,therealfergus,mackjyers21,namebrant,shakylegs,tonygordzilla22,black8yellownation,1
thezirconisdragon,herbietime,alecwilson,pacc,therealfergus,mackjyers21,shakylegs,burgertownthicnred,tonygordzilla22,namebrant,empireyikesback,black8yellownation,1
herbietime,pacc,thezirconisdragon,alecwilson,burgertownthicnred,mackjyers21,therealfergus,empireyikesback,namebrant,shakylegs,tonygordzilla22,black8yellownation,1
herbietime,alecwilson,pacc,thezirconisdragon,burgertownthicnred,mackjyers21,shakylegs,therealfergus,tonygordzilla22,empireyikesback,namebrant,black8yellownation,1
thezirconisdragon,herbietime,pacc,alecwilson,empireyikesback,burgertownthicnred,therealfergus,mackjyers21,shakylegs,tonygordzilla22,black8yellownation,namebrant,1
pacc,herbietime,thezirconisdragon,alecwilson,therealfergus,empireyikesback,mackjyers21,namebrant,tonygordzilla22,black8yellownation,shakylegs,burgertownthicnred,1
alecwilson,pacc,thezirconisdragon,empireyikesback,herbietime,therealfergus,burgertownthicnred,mackjyers21,shakylegs,namebrant,tonygordzilla22,black8yellownation,1
herbietime,pacc,thezirconisdragon,alecwilson,therealfergus,empireyikesback,mackjyers21,shakylegs,namebrant,tonygordzilla22,burgertownthicnred,black8yellownation,1
herbietime,alecwilson,pacc,thezirconisdragon,therealfergus,mackjyers21,tonygordzilla22,empireyikesback,namebrant,burgertownthicnred,shakylegs,black8yellownation,1
herbietime,pacc,thezirconisdragon,mackjyers21,alecwilson,empireyikesback,tonygordzilla22,therealfergus,burgertownthicnred,shakylegs,namebrant,black8yellownation,1
herbietime,alecwilson,thezirconisdragon,therealfergus,pacc,burgertownthicnred,mackjyers21,namebrant,empireyikesback,shakylegs,tonygordzilla22,black8yellownation,1
herbietime,alecwilson,pacc,thezirconisdragon,therealfergus,empireyikesback,burgertownthicnred,mackjyers21,namebrant,shakylegs,tonygordzilla22,black8yellownation,1
alecwilson,thezirconisdragon,herbietime,empireyikesback,therealfergus,pacc,burgertownthicnred,mackjyers21,tonygordzilla22,shakylegs,namebrant,black8yellownation,1
pacc,thezirconisdragon,herbietime,alecwilson,tonygordzilla22,mackjyers21,shakylegs,therealfergus,empireyikesback,burgertownthicnred,namebrant,black8yellownation,1
herbietime,alecwilson,thezirconisdragon,pacc,mackjyers21,therealfergus,empireyikesback,burgertownthicnred,shakylegs,black8yellownation,namebrant,tonygordzilla22,1
pacc,herbietime,thezirconisdragon,alecwilson,mackjyers21,therealfergus,burgertownthicnred,tonygordzilla22,empireyikesback,shakylegs,namebrant,black8yellownation,1
thezirconisdragon,alecwilson,herbietime,pacc,empireyikesback,namebrant,therealfergus,burgertownthicnred,tonygordzilla22,black8yellownation,mackjyers21,shakylegs,1
thezirconisdragon,empireyikesback,alecwilson,pacc,herbietime,therealfergus,mackjyers21,burgertownthicnred,shakylegs,namebrant,black8yellownation,tonygordzilla22,1
herbietime,alecwilson,empireyikesback,pacc,mackjyers21,thezirconisdragon,therealfergus,burgertownthicnred,namebrant,shakylegs,tonygordzilla22,black8yellownation,1
pacc,therealfergus,herbietime,alecwilson,thezirconisdragon,empireyikesback,burgertownthicnred,shakylegs,mackjyers21,namebrant,tonygordzilla22,black8yellownation,1
herbietime,thezirconisdragon,empireyikesback,alecwilson,burgertownthicnred,pacc,therealfergus,mackjyers21,tonygordzilla22,namebrant,shakylegs,black8yellownation,1
herbietime,alecwilson,pacc,thezirconisdragon,shakylegs,burgertownthicnred,namebrant,therealfergus,empireyikesback,tonygordzilla22,mackjyers21,black8yellownation,1
herbietime,thezirconisdragon,alecwilson,pacc,mackjyers21,empireyikesback,shakylegs,therealfergus,namebrant,burgertownthicnred,tonygordzilla22,black8yellownation,1
thezirconisdragon,herbietime,alecwilson,therealfergus,empireyikesback,burgertownthicnred,pacc,mackjyers21,shakylegs,namebrant,black8yellownation,tonygordzilla22,1
herbietime,therealfergus,thezirconisdragon,alecwilson,pacc,empireyikesback,mackjyers21,burgertownthicnred,namebrant,tonygordzilla22,black8yellownation,shakylegs,1
herbietime,thezirconisdragon,therealfergus,empireyikesback,mackjyers21,alecwilson,pacc,shakylegs,burgertownthicnred,tonygordzilla22,namebrant,black8yellownation,1
thezirconisdragon,herbietime,empireyikesback,mackjyers21,pacc,therealfergus,shakylegs,alecwilson,burgertownthicnred,namebrant,tonygordzilla22,black8yellownation,1
herbietime,alecwilson,pacc,thezirconisdragon,shakylegs,empireyikesback,therealfergus,burgertownthicnred,mackjyers21,tonygordzilla22,namebrant,black8yellownation,1
herbietime,alecwilson,pacc,therealfergus,thezirconisdragon,mackjyers21,shakylegs,empireyikesback,burgertownthicnred,tonygordzilla22,black8yellownation,namebrant,1
herbietime,thezirconisdragon,therealfergus,pacc,alecwilson,mackjyers21,empireyikesback,shakylegs,tonygordzilla22,burgertownthicnred,namebrant,black8yellownation,1
thezirconisdragon,pacc,herbietime,alecwilson,empireyikesback,mackjyers21,namebrant,tonygordzilla22,therealfergus,burgertownthicnred,black8yellownation,shakylegs,1
herbietime,thezirconisdragon,therealfergus,pacc,alecwilson,burgertownthicnred,tonygordzilla22,empireyikesback,mackjyers21,black8yellownation,namebrant,shakylegs,1
herbietime,alecwilson,pacc,thezirconisdragon,therealfergus,shakylegs,empireyikesback,mackjyers21,burgertownthicnred,namebrant,tonygordzilla22,black8yellownation,1
thezirconisdragon,herbietime,pacc,alecwilson,mackjyers21,shakylegs,empireyikesback,therealfergus,burgertownthicnred,namebrant,black8yellownation,tonygordzilla22,1
mackjyers21,alecwilson,herbietime,pacc,thezirconisdragon,therealfergus,tonygordzilla22,shakylegs,empireyikesback,burgertownthicnred,black8yellownation,namebrant,1
herbietime,alecwilson,pacc,thezirconisdragon,therealfergus,empireyikesback,mackjyers21,namebrant,black8yellownation,burgertownthicnred,shakylegs,tonygordzilla22,1
herbietime,alecwilson,empireyikesback,thezirconisdragon,therealfergus,burgertownthicnred,mackjyers21,namebrant,pacc,tonygordzilla22,shakylegs,black8yellownation,1
thezirconisdragon,alecwilson,pacc,herbietime,therealfergus,empireyikesback,burgertownthicnred,mackjyers21,shakylegs,namebrant,tonygordzilla22,black8yellownation,1
thezirconisdragon,pacc,herbietime,alecwilson,empireyikesback,shakylegs,therealfergus,burgertownthicnred,mackjyers21,namebrant,black8yellownation,tonygordzilla22,1
pacc,thezirconisdragon,herbietime,alecwilson,therealfergus,empireyikesback,shakylegs,mackjyers21,namebrant,burgertownthicnred,tonygordzilla22,black8yellownation,1
herbietime,thezirconisdragon,therealfergus,empireyikesback,pacc,mackjyers21,alecwilson,tonygordzilla22,shakylegs,burgertownthicnred,namebrant,black8yellownation,1
thezirconisdragon,herbietime,pacc,mackjyers21,empireyikesback,tonygordzilla22,alecwilson,shakylegs,namebrant,therealfergus,burgertownthicnred,black8yellownation,1
herbietime,alecwilson,pacc,empireyikesback,burgertownthicnred,mackjyers21,thezirconisdragon,shakylegs,namebrant,tonygordzilla22,therealfergus,black8yellownation,1
herbietime,pacc,thezirconisdragon,therealfergus,alecwilson,black8yellownation,empireyikesback,burgertownthicnred,mackjyers21,shakylegs,namebrant,tonygordzilla22,1
herbietime,alecwilson,therealfergus,thezirconisdragon,pacc,burgertownthicnred,namebrant,empireyikesback,mackjyers21,shakylegs,black8yellownation,tonygordzilla22,1
herbietime,pacc,thezirconisdragon,alecwilson,empireyikesback,burgertownthicnred,shakylegs,tonygordzilla22,therealfergus,mackjyers21,black8yellownation,namebrant,1
pacc,thezirconisdragon,empireyikesback,herbietime,alecwilson,therealfergus,burgertownthicnred,mackjyers21,shakylegs,namebrant,tonygordzilla22,black8yellownation,1
therealfergus,pacc,herbietime,alecwilson,burgertownthicnred,mackjyers21,namebrant,thezirconisdragon,empireyikesback,tonygordzilla22,shakylegs,black8yellownation,1
herbietime,pacc,thezirconisdragon,empireyikesback,burgertownthicnred,alecwilson,therealfergus,mackjyers21,namebrant,shakylegs,tonygordzilla22,black8yellownation,1
herbietime,alecwilson,pacc,mackjyers21,thezirconisdragon,therealfergus,empireyikesback,namebrant,burgertownthicnred,tonygordzilla22,shakylegs,black8yellownation,1
alecwilson,herbietime,thezirconisdragon,pacc,empireyikesback,namebrant,therealfergus,mackjyers21,burgertownthicnred,shakylegs,black8yellownation,tonygordzilla22,1
herbietime,thezirconisdragon,pacc,alecwilson,therealfergus,empireyikesback,burgertownthicnred,namebrant,mackjyers21,shakylegs,tonygordzilla22,black8yellownation,1
alecwilson,herbietime,pacc,empireyikesback,mackjyers21,namebrant,thezirconisdragon,therealfergus,shakylegs,tonygordzilla22,burgertownthicnred,black8yellownation,1
thezirconisdragon,pacc,empireyikesback,herbietime,alecwilson,therealfergus,mackjyers21,tonygordzilla22,burgertownthicnred,shakylegs,namebrant,black8yellownation,1
herbietime,alecwilson,thezirconisdragon,therealfergus,empireyikesback,pacc,shakylegs,burgertownthicnred,mackjyers21,namebrant,tonygordzilla22,black8yellownation,1
alecwilson,thezirconisdragon,herbietime,pacc,therealfergus,mackjyers21,shakylegs,namebrant,tonygordzilla22,empireyikesback,burgertownthicnred,black8yellownation,1
herbietime,pacc,thezirconisdragon,empireyikesback,alecwilson,burgertownthicnred,mackjyers21,therealfergus,shakylegs,namebrant,tonygordzilla22,black8yellownation,1
pacc,thezirconisdragon,empireyikesback,herbietime,mackjyers21,alecwilson,therealfergus,burgertownthicnred,namebrant,shakylegs,tonygordzilla22,black8yellownation,1
pacc,mackjyers21,herbietime,alecwilson,thezirconisdragon,shakylegs,namebrant,therealfergus,empireyikesback,burgertownthicnred,tonygordzilla22,black8yellownation,1
herbietime,alecwilson,pacc,empireyikesback,burgertownthicnred,mackjyers21,thezirconisdragon,shakylegs,therealfergus,tonygordzilla22,black8yellownation,namebrant,1
alecwilson,herbietime,pacc,thezirconisdragon,empireyikesback,burgertownthicnred,mackjyers21,namebrant,black8yellownation,therealfergus,shakylegs,tonygordzilla22,1
pacc,herbietime,thezirconisdragon,therealfergus,empireyikesback,tonygordzilla22,alecwilson,mackjyers21,shakylegs,burgertownthicnred,namebrant,black8yellownation,1
herbietime,thezirconisdragon,pacc,alecwilson,empireyikesback,mackjyers21,therealfergus,burgertownthicnred,shakylegs,namebrant,tonygordzilla22,black8yellownation,1
pacc,thezirconisdragon,alecwilson,herbietime,therealfergus,burgertownthicnred,empireyikesback,mackjyers21,shakylegs,namebrant,black8yellownation,tonygordzilla22,1
pacc,thezirconisdragon,herbietime,shakylegs,alecwilson,empireyikesback,mackjyers21,therealfergus,burgertownthicnred,namebrant,black8yellownation,tonygordzilla22,1
pacc,alecwilson,mackjyers21,herbietime,therealfergus,burgertownthicnred,empireyikesback,thezirconisdragon,shakylegs,tonygordzilla22,black8yellownation,namebrant,1
thezirconisdragon,pacc,herbietime,alecwilson,burgertownthicnred,empireyikesback,therealfergus,namebrant,tonygordzilla22,shakylegs,mackjyers21,black8yellownation,1
thezirconisdragon,therealfergus,herbietime,pacc,empireyikesback,alecwilson,burgertownthicnred,mackjyers21,namebrant,tonygordzilla22,shakylegs,black8yellownation,1
herbietime,thezirconisdragon,pacc,therealfergus,burgertownthicnred,mackjyers21,alecwilson,namebrant,shakylegs,empireyikesback,tonygordzilla22,black8yellownation,1
thezirconisdragon,herbietime,alecwilson,empireyikesback,pacc,therealfergus,mackjyers21,shakylegs,burgertownthicnred,namebrant,tonygordzilla22,black8yellownation,1
herbietime,alecwilson,thezirconisdragon,therealfergus,pacc,empireyikesback,burgertownthicnred,mackjyers21,namebrant,shakylegs,tonygordzilla22,black8yellownation,1
herbietime,alecwilson,pacc,thezirconisdragon,therealfergus,burgertownthicnred,mackjyers21,empireyikesback,namebrant,black8yellownation,shakylegs,tonygordzilla22,1
thezirconisdragon,herbietime,empireyikesback,pacc,therealfergus,alecwilson,mackjyers21,shakylegs,burgertownthicnred,namebrant,tonygordzilla22,black8yellownation,1
thezirconisdragon,alecwilson,herbietime,empireyikesback,burgertownthicnred,therealfergus,pacc,mackjyers21,shakylegs,tonygordzilla22,namebrant,black8yellownation,1
herbietime,mackjyers21,alecwilson,pacc,thezirconisdragon,therealfergus,empireyikesback,burgertownthicnred,tonygordzilla22,shakylegs,namebrant,black8yellownation,1
alecwilson,pacc,herbietime,thezirconisdragon,therealfergus,empireyikesback,burgertownthicnred,mackjyers21,shakylegs,namebrant,tonygordzilla22,black8yellownation,1
herbietime,alecwilson,pacc,mackjyers21,thezirconisdragon,therealfergus,empireyikesback,burgertownthicnred,tonygordzilla22,shakylegs,namebrant,black8yellownation,1
herbietime,alecwilson,pacc,thezirconisdragon,empireyikesback,mackjyers21,tonygordzilla22,burgertownthicnred,shakylegs,therealfergus,namebrant,black8yellownation,1
herbietime,pacc,thezirconisdragon,alecwilson,empireyikesback,burgertownthicnred,mackjyers21,shakylegs,therealfergus,namebrant,tonygordzilla22,black8yellownation,1
thezirconisdragon,herbietime,pacc,alecwilson,empireyikesback,therealfergus,mackjyers21,tonygordzilla22,black8yellownation,burgertownthicnred,shakylegs,namebrant,1
herbietime,pacc,empireyikesback,alecwilson,thezirconisdragon,burgertownthicnred,therealfergus,mackjyers21,shakylegs,tonygordzilla22,namebrant,black8yellownation,1
herbietime,thezirconisdragon,pacc,therealfergus,empireyikesback,alecwilson,namebrant,mackjyers21,burgertownthicnred,tonygordzilla22,shakylegs,black8yellownation,1
alecwilson,pacc,thezirconisdragon,herbietime,mackjyers21,therealfergus,burgertownthicnred,namebrant,empireyikesback,shakylegs,tonygordzilla22,black8yellownation,1
herbietime,pacc,thezirconisdragon,namebrant,alecwilson,empireyikesback,mackjyers21,shakylegs,black8yellownation,burgertownthicnred,therealfergus,tonygordzilla22,1
herbietime,pacc,thezirconisdragon,therealfergus,namebrant,alecwilson,empireyikesback,burgertownthicnred,mackjyers21,tonygordzilla22,black8yellownation,shakylegs,1
thezirconisdragon,herbietime,alecwilson,pacc,mackjyers21,therealfergus,burgertownthicnred,empireyikesback,shakylegs,namebrant,tonygordzilla22,black8yellownation,1
alecwilson,herbietime,pacc,empireyikesback,mackjyers21,thezirconisdragon,therealfergus,burgertownthicnred,namebrant,tonygordzilla22,shakylegs,black8yellownation,1
thezirconisdragon,pacc,herbietime,alecwilson,empireyikesback,mackjyers21,therealfergus,burgertownthicnred,namebrant,black8yellownation,tonygordzilla22,shakylegs,1
herbietime,empireyikesback,alecwilson,pacc,thezirconisdragon,mackjyers21,burgertownthicnred,therealfergus,shakylegs,tonygordzilla22,namebrant,black8yellownation,1
herbietime,thezirconisdragon,alecwilson,pacc,therealfergus,namebrant,burgertownthicnred,tonygordzilla22,empireyikesback,mackjyers21,black8yellownation,shakylegs,1
herbietime,pacc,alecwilson,thezirconisdragon,therealfergus,empireyikesback,shakylegs,burgertownthicnred,mackjyers21,namebrant,tonygordzilla22,black8yellownation,1
pacc,alecwilson,thezirconisdragon,mackjyers21,herbietime,burgertownthicnred,namebrant,therealfergus,empireyikesback,shakylegs,tonygordzilla22,black8yellownation,1
herbietime,pacc,alecwilson,thezirconisdragon,therealfergus,empireyikesback,burgertownthicnred,mackjyers21,tonygordzilla22,shakylegs,namebrant,black8yellownation,1
pacc,herbietime,therealfergus,empireyikesback,mackjyers21,alecwilson,thezirconisdragon,burgertownthicnred,black8yellownation,shakylegs,namebrant,tonygordzilla22,1
herbietime,alecwilson,pacc,mackjyers21,thezirconisdragon,shakylegs,therealfergus,burgertownthicnred,namebrant,empireyikesback,tonygordzilla22,black8yellownation,1
pacc,thezirconisdragon,empireyikesback,herbietime,alecwilson,mackjyers21,shakylegs,therealfergus,namebrant,burgertownthicnred,black8yellownation,tonygordzilla22,1
herbietime,thezirconisdragon,pacc,alecwilson,therealfergus,empireyikesback,shakylegs,mackjyers21,namebrant,burgertownthicnred,tonygordzilla22,black8yellownation,1
herbietime,pacc,thezirconisdragon,alecwilson,empireyikesback,therealfergus,burgertownthicnred,mackjyers21,shakylegs,tonygordzilla22,namebrant,black8yellownation,1
herbietime,alecwilson,pacc,empireyikesback,thezirconisdragon,therealfergus,burgertownthicnred,mackjyers21,tonygordzilla22,namebrant,shakylegs,black8yellownation,1
herbietime,pacc,therealfergus,burgertownthicnred,thezirconisdragon,empireyikesback,mackjyers21,alecwilson,tonygordzilla22,shakylegs,black8yellownation,namebrant,1
alecwilson,herbietime,pacc,thezirconisdragon,therealfergus,empireyikesback,mackjyers21,burgertownthicnred,namebrant,tonygordzilla22,black8yellownation,shakylegs,1
alecwilson,pacc,herbietime,thezirconisdragon,therealfergus,mackjyers21,shakylegs,namebrant,empireyikesback,burgertownthicnred,tonygordzilla22,black8yellownation,1
alecwilson,thezirconisdragon,therealfergus,herbietime,pacc,empireyikesback,mackjyers21,burgertownthicnred,shakylegs,namebrant,tonygordzilla22,black8yellownation,1
herbietime,alecwilson,pacc,thezirconisdragon,burgertownthicnred,therealfergus,empireyikesback,mackjyers21,shakylegs,tonygordzilla22,namebrant,black8yellownation,1
herbietime,thezirconisdragon,pacc,alecwilson,mackjyers21,therealfergus,burgertownthicnred,empireyikesback,shakylegs,tonygordzilla22,black8yellownation,namebrant,1
alecwilson,herbietime,mackjyers21,pacc,thezirconisdragon,burgertownthicnred,therealfergus,empireyikesback,shakylegs,tonygordzilla22,namebrant,black8yellownation,1
thezirconisdragon,herbietime,pacc,alecwilson,therealfergus,mackjyers21,burgertownthicnred,empireyikesback,black8yellownation,tonygordzilla22,namebrant,shakylegs,1
herbietime,pacc,thezirconisdragon,mackjyers21,alecwilson,empireyikesback,burgertownthicnred,therealfergus,shakylegs,tonygordzilla22,namebrant,black8yellownation,1
herbietime,thezirconisdragon,alecwilson,pacc,empireyikesback,therealfergus,shakylegs,mackjyers21,namebrant,tonygordzilla22,black8yellownation,burgertownthicnred,1
alecwilson,thezirconisdragon,herbietime,pacc,empireyikesback,mackjyers21,shakylegs,namebrant,therealfergus,burgertownthicnred,tonygordzilla22,black8yellownation,1
herbietime,pacc,burgertownthicnred,alecwilson,thezirconisdragon,therealfergus,empireyikesback,tonygordzilla22,mackjyers21,namebrant,shakylegs,black8yellownation,1
herbietime,pacc,empireyikesback,thezirconisdragon,mackjyers21,therealfergus,alecwilson,burgertownthicnred,namebrant,shakylegs,tonygordzilla22,black8yellownation,1
herbietime,alecwilson,thezirconisdragon,namebrant,pacc,therealfergus,empireyikesback,mackjyers21,burgertownthicnred,shakylegs,tonygordzilla22,black8yellownation,1
alecwilson,thezirconisdragon,pacc,herbietime,mackjyers21,empireyikesback,therealfergus,burgertownthicnred,namebrant,shakylegs,tonygordzilla22,black8yellownation,1
herbietime,pacc,thezirconisdragon,therealfergus,empireyikesback,burgertownthicnred,mackjyers21,alecwilson,namebrant,shakylegs,black8yellownation,tonygordzilla22,1
thezirconisdragon,herbietime,pacc,alecwilson,therealfergus,empireyikesback,shakylegs,burgertownthicnred,mackjyers21,namebrant,tonygordzilla22,black8yellownation,1
alecwilson,pacc,therealfergus,herbietime,thezirconisdragon,burgertownthicnred,mackjyers21,empireyikesback,namebrant,tonygordzilla22,black8yellownation,shakylegs,1
alecwilson,pacc,thezirconisdragon,herbietime,therealfergus,burgertownthicnred,namebrant,mackjyers21,empireyikesback,shakylegs,black8yellownation,tonygordzilla22,1
thezirconisdragon,alecwilson,herbietime,pacc,therealfergus,empireyikesback,mackjyers21,burgertownthicnred,shakylegs,namebrant,tonygordzilla22,black8yellownation,1
alecwilson,herbietime,pacc,therealfergus,mackjyers21,thezirconisdragon,empireyikesback,burgertownthicnred,namebrant,tonygordzilla22,shakylegs,black8yellownation,1
